N0	N1	N2	N3	N4	N5	N6	embryonic_sig	invitro_sig
A[C>A]A	0.0123564221513839	0.00206601742319379	0.0123502412105167	0.0101866523575136	0.0205161655991762	0.00985772697413656	0.0192226939354715	0.00938809723386421	0.0175729442970822
A[C>A]C	0.0121708840792886	0.00133795094462601	0.00410434448228392	0.00596106789538735	0.0123383445014613	0.00601061024212733	0.0083240596711109	0.0077116512992456	0.00464190981432361
A[C>A]G	0.00550134754527352	0.000292625258953682	0.00102343002285467	0.00127696582569476	0.00265756726882761	0.000656245422406481	0.00683357973038508	0.00402347024308466	0.000331564986737401
A[C>A]T	0.0145154313352338	0.00089272073301329	0.00455253582519253	0.00497976663588762	0.00839184089429661	0.00380095491346727	0.00975394591045338	0.00553227158424141	0.00663129973474801
C[C>A]A	0.0147904370921898	0.00122381928291225	0.0108174754821984	0.00930904529489834	0.0181531326128841	0.0100902803849684	0.0105085835400568	0.00922045264040235	0.013262599469496
C[C>A]C	0.0109719168885473	0.000477428198919741	0.00216056329184591	0.00333760918699792	0.009009794807711	0.00428342392410199	0.00238667846714731	0.00553227158424141	0.00563660477453581
C[C>A]G	0.00423128165935791	0.00054949476011006	0.000861109974798149	0.00131608612942497	0.00411496078091422	0.00121660552114829	0.00252812554362455	0.00435875943000838	0.0026525198938992
C[C>A]T	0.0150071951750101	0.000164492215497619	0.0041779063611703	0.0057916813252636	0.00930173263074154	0.00525669504171156	0.00642275318251751	0.00586756077116513	0.0159151193633952
G[C>A]A	0.0119731188342838	0.00141162993276929	0.00544174941485755	0.00859525008283313	0.0146030328193209	0.00439104033913748	0.0103166298685474	0.0179379715004191	0.026525198938992
G[C>A]C	0.00782285716967009	0.000455193649276727	0.00125643989609895	0.0037187093916232	0.0072695350011352	0.00399256893591457	0.0027739206996811	0.00435875943000838	0.00563660477453581
G[C>A]G	0.0029625874586816	0.000276202445317086	0.00059423097512815	0.00162083744365069	0.00279736131094112	0.000592642649151513	0.00152026735521006	0.0038558256496228	0.00331564986737401
G[C>A]T	0.0141894096505059	0.00040600603311333	0.00184633854909457	0.00490320720921289	0.00877697408012179	0.00386586447976521	0.0101055650426845	0.00888516345347863	0.0169098143236074
T[C>A]A	0.0184938184969797	0.000654825744599299	0.00345038697432978	0.00535636080074063	0.00897034182837627	0.00517867714476772	0.0186046706741809	0.0077116512992456	0.024867374005305
T[C>A]C	0.0230814624465115	0.000814327985120233	0.00211691761397329	0.00475218145216017	0.00676857842844241	0.00572752952990608	0.0199438716062812	0.00452640402347024	0.0109416445623342
T[C>A]G	0.0140518499236346	0.000296528870022831	0.0003225110099145	0.00124375708815283	0.00358072370510322	0.00128130047056236	0.00331265413699322	0.00201173512154233	0.001657824933687
T[C>A]T	0.0288849499983751	0.000272740595884354	0.00290438866333143	0.00552477572739771	0.0113690550626045	0.00416543303743303	0.00890251991203747	0.0159262363788768	0.0338196286472149
A[C>G]A	0.0261910797787362	0.014500616671425	0.0222697536830988	0.000931630805186918	0.00388952592070103	0.00130609712546298	0.0368767917339584	0.00402347024308466	0.019893899204244
A[C>G]C	0.00541937804611571	0.00444654736412551	0.00431228747754392	0.000758967317403431	0.00245626156615538	0.00442970853985522	0.0171257379887094	0.00167644593461861	0.00729442970822281
A[C>G]G	0.00782581460992903	0.00113817449982323	0.0025118185075571	0.000981823966630775	0.000453861981434933	0.000258188635948906	0.0056192785196461	0.0038558256496228	0.00331564986737401
A[C>G]T	0.00578307130471604	0.00759803441318112	0.0095478117952606	0.00335872153633235	0.00395280844091297	0.00983144077071139	0.0231133624812743	0.00435875943000838	0.00928381962864721
C[C>G]A	0.0138018714286323	0.00630594460193037	0.00894478892080815	0.000713426914218705	0.00191393078085564	0.00129806511725124	0.0278120767375916	0.00402347024308466	0.00994694960212202
C[C>G]C	0.0222341731760122	0.0049744582686215	0.00686459477941135	0.000518163807922396	0.000378883784216687	0.000689021894914029	0.0256823198681987	0.00217937971500419	0.00431034482758621
C[C>G]G	0.0201362469138185	0.00109483816409958	0.00206500449283243	0.00020559516484833	0.000836089020127439	0.000300243727000776	0.00551863716199357	0.00352053646269908	0.000663129973474801
C[C>G]T	0.0086765805978952	0.00624135783144643	0.00905614042212369	0.000960986266450239	0.00279072145735588	0.00199043732056563	0.0170843066667924	0.00184409052808047	0.00530503978779841
G[C>G]A	0.00828643887947431	0.00603010003877195	0.00782989651045798	0.000200963520940733	0.00218102433625187	0.000446333282249986	0.00664833623200416	0.00201173512154233	0.00497347480106101
G[C>G]C	0.01096424205921	0.00376857332188785	0.00450530630151683	0.000317868576315064	0.000903771378104147	0.00180120537586389	0.0134926349888202	0.00134115674769489	0.00464190981432361
G[C>G]G	0.00707230943995402	0.000856248055805399	0.00139575051403796	0.000159172846699495	0.000409901996803269	0.000300742953854946	0.004589252045226	0.00134115674769489	0.0013262599469496
G[C>G]T	0.0102013899818757	0.00436637915992004	0.0062238709197638	0.000785273200370219	0.00206554645844545	0.00163949153745375	0.014779291259682	0.00117351215423303	0.00629973474801061
T[C>G]A	0.00586457057772626	0.004579821548761	0.00549117791979771	0.00249575994328007	0.00186028476959168	0.00460088778987518	0.0305035546970116	0.00402347024308466	0.0102785145888594
T[C>G]C	0.00783932393783954	0.00511658799700901	0.00852275489510924	0.000982140741986067	0.00200472307287909	0.00156321191065312	0.0233671329600935	0.00201173512154233	0.0109416445623342
T[C>G]G	0.00851733216489868	0.000978162389144771	0.00126772783569487	0.000290587964442261	0.000439653378749771	0.000449684586537068	0.00174306544890554	0.0038558256496228	0.001657824933687
T[C>G]T	0.0147753703598441	0.00865326918535738	0.00993763395392528	0.00489617243553341	0.00234161271369427	0.0129392957171246	0.0345601484330131	0.00586756077116513	0.01657824933687
A[C>T]A	0.0100919318243018	0.0481647135740363	0.0643381252788769	0.0196756065554389	0.023184080489658	0.0112410420825636	0.0134780146774168	0.0377200335289187	0.029840848806366
A[C>T]C	0.0140724589474697	0.0296375327156384	0.0307174145556953	0.0183418837554146	0.0170708496693817	0.0165916014360501	0.0128697537085386	0.0134115674769489	0.0122679045092838
A[C>T]G	0.00671695857411692	0.0806238790722519	0.0833690366311089	0.0401574882134651	0.111614725012599	0.0290842276510146	0.00265717822149641	0.125901089689857	0.0374668435013263
A[C>T]T	0.00741459504023982	0.0376299565548808	0.0398826647308585	0.0325104258058751	0.0181711641347735	0.0264213531239472	0.0198216836127673	0.0226320201173512	0.0169098143236074
C[C>T]A	0.0111816878570326	0.0364702637218686	0.016514257051764	0.0575888002790399	0.0262016356498817	0.0270840174581877	0.0369216957570999	0.0266554903604359	0.0205570291777188
C[C>T]C	0.00811023506434479	0.0372258671904	0.00214661994901147	0.0745905594952668	0.0317729424210315	0.0486881696023916	0.0250733960247049	0.0179379715004191	0.023209549071618
C[C>T]G	0.0087692045697007	0.0411444867821727	0.0336550686355835	0.0269836171809446	0.0535914009319181	0.0139290841844555	0.0048762889703383	0.0958927074601844	0.0251989389920424
C[C>T]T	0.00872718542605239	0.0710126305547438	0.029408637557713	0.153881848841969	0.0296543789499879	0.0744737756140824	0.00350831760686143	0.0209555741827326	0.0251989389920424
G[C>T]A	0.0134239820492543	0.0240537283518328	0.0151647440193674	0.0315662248866999	0.0209372425915855	0.0225105646543407	0.00798601983043284	0.0199497066219614	0.023209549071618
G[C>T]C	0.00723027444798832	0.0315248938235607	0.000865204434628467	0.0795097011664834	0.0405610741642767	0.0573109391052355	0.0180151082101387	0.0165968147527242	0.0142572944297082
G[C>T]G	0.00891047926245256	0.0360127388339373	0.039695959734878	0.0273168116733298	0.07772132777539	0.027994654606489	0.00260142095120127	0.0769488683989941	0.0205570291777188
G[C>T]T	0.00655136477203662	0.046869457328682	0.00521564952359745	0.128321549285541	0.0371811546775942	0.0974327706231215	0.0053750287278151	0.0157585917854149	0.0162466843501326
T[C>T]A	0.00712082305189621	0.0191361715272018	0.0131561085473051	0.0204743603472442	0.0120869070036823	0.00795128655633976	0.020992193143619	0.0233025984911987	0.021551724137931
T[C>T]C	0.00731339654941328	0.0259906908274907	0.0113602509028949	0.026708274559477	0.0178604919068946	0.0206445324408521	0.0151079498984793	0.0211232187761945	0.0218832891246684
T[C>T]G	0.00877891491043571	0.0300559538230068	0.021550628665375	0.0149324785638963	0.0460046048441176	0.0131098383153247	0.00365491718326486	0.0660519698239732	0.0162466843501326
T[C>T]T	0.00845917090785517	0.0300701401412343	0.0150543392163893	0.0464660314314664	0.0130066630953046	0.0253285883143803	0.00803843438444897	0.019279128248114	0.0208885941644562
A[T>A]A	0.00811851141430299	0.00537099924082611	0.00745062203460524	0.00190444752269365	0.0077420428969371	0.0127213717499502	0.00865130564221891	0.00318524727577536	0.00795755968169761
A[T>A]C	0.00650098351601083	0.00861622153284103	0.0077626459797027	0.000763590696861712	0.012045655124468	0.00655550585321861	0.003025499711857	0.0038558256496228	0.00497347480106101
A[T>A]G	0.00821749991718584	0.0059134607904468	0.00659102016341061	0.00134741101889134	0.0104644851417219	0.00729973606358481	0.00973372198410727	0.00335289186923722	0.00762599469496021
A[T>A]T	0.0130832908231751	0.0053737681108538	0.0046554258275997	0.00378489994795087	0.0117394276030894	0.00826622549700191	0.00720664928339043	0.00737636211232188	0.00762599469496021
C[T>A]A	0.0140737400179261	0.00268390048803984	0.0043434753173787	0.00180115438993544	0.00225549841720541	0.0123550401655696	0.00797352610183312	0.00134115674769489	0.00762599469496021
C[T>A]C	0.0162303749994178	0.00264441344423119	0.00537413535636655	0.00125894730509461	0.00482719679433824	0.00259045382658687	0.00855982476594528	0.00184409052808047	0.00364721485411141
C[T>A]G	0.00917556070154019	0.00338586666729465	0.00584484145304962	0.00142331301262799	0.00502568347396746	0.00651297568328263	0.00789703192286545	0.00251466890192791	0.00497347480106101
C[T>A]T	0.00761460260249338	0.00330765769223197	0.00310401598812198	0.00115681948378959	0.00881989984680993	0.00571265406763375	0.0035280640452293	0.00368818105616094	0.00497347480106101
G[T>A]A	0.0075974652971235	0.00180011735616749	0.00378138279394391	0.00095531361032814	0.00413038607547723	0.00142242896608016	0.00464292159137201	0.00100586756077117	0.00563660477453581
G[T>A]C	0.00481058428704006	0.00241085583783105	0.00415678319466042	0.00145730727637016	0.00242659855851054	0.0018581434252774	0.00388301442760352	0.00167644593461861	0.000994694960212202
G[T>A]G	0.005328904415956	0.0016866471466319	0.00323619633335928	0.00176736292070563	0.00378100166594811	0.00244635488741622	0.00183713163000931	0.00201173512154233	0.00331564986737401
G[T>A]T	0.00494354129462139	0.00237716785420308	0.00342610362991294	0.00132528159090697	0.00661534820669026	0.00268879959669959	0.00442600949400987	0.00352053646269908	0.00331564986737401
T[T>A]A	0.00947576093863351	0.00236524247750422	0.00468792832590668	0.00667556710188887	0.00700310514962115	0.0366523527847713	0.0164480862616013	0.0113998323554065	0.0145888594164456
T[T>A]C	0.00689157849558463	0.00256355180012779	0.00317784854082414	0.00240980514666168	0.00616598381610408	0.00400225071515424	0.0129638720759049	0.00150880134115675	0.00663129973474801
T[T>A]G	0.0151479469171874	0.00161885556674589	0.00283932654037588	0.00179938692034808	0.00440171568403298	0.00848806476421027	0.00260442737758972	0.00150880134115675	0.00563660477453581
T[T>A]T	0.00681804016187923	0.00429220407414863	0.00579631334376925	0.0046201096225671	0.00956410084817448	0.0176479532279362	0.00870474751375355	0.00804694048616932	0.00928381962864721
A[T>C]A	0.0198529696047491	0.0269576786830127	0.0388651850298401	0.00226169057462231	0.0103453555601817	0.00576392259581746	0.0113900147938178	0.0127409891031014	0.0218832891246684
A[T>C]C	0.00802890377923291	0.00855072128910309	0.0139607799981086	0.0028474023211858	0.0047259141121841	0.00339735443534439	0.00650652508678133	0.00653813914501257	0.00596816976127321
A[T>C]G	0.0115013592295993	0.021391686725344	0.0320260816001569	0.00335896685512701	0.00666017928778869	0.00376836380649432	0.00306504067083011	0.00838222967309304	0.0145888594164456
A[T>C]T	0.00695973488996704	0.0305718418902079	0.0416363108741079	0.00416340293470582	0.00899658672068217	0.0062703014947525	0.0108958726534893	0.0152556580050293	0.0202254641909814
C[T>C]A	0.0164781219799911	0.00813947625133843	0.0115729240072795	0.000904273243005687	0.0029970978947277	0.00361103541965379	0.0133351295248561	0.00620284995808885	0.013262599469496
C[T>C]C	0.00607275848403713	0.00988434298300835	0.013335530226094	0.000924464539951944	0.00247663148388488	0.00234126531975928	0.00516253627926205	0.00435875943000838	0.011604774535809
C[T>C]G	0.0160893817900394	0.0100375000920818	0.0145367807842169	0.000456413143828374	0.00537549519814664	0.0047508333731681	0.0100384640138311	0.0085498742665549	0.00862068965517241
C[T>C]T	0.015728510862433	0.0095540265050347	0.0128537649350261	0.00138888660081202	0.00561495159129527	0.00278303809649541	0.0102531301163665	0.00502933780385583	0.0119363395225464
G[T>C]A	0.0126423974507334	0.00910893826472018	0.0113379115397686	0.000511913515944736	0.0048314792451742	0.00124909812854852	0.00319852490730311	0.00670578373847443	0.00762599469496021
G[T>C]C	0.00645513582900642	0.00686760118215333	0.0101998282574611	0.000947008657690327	0.000757084336570757	0.0022859961963828	0.00482292927562497	0.0046940486169321	0.00464190981432361
G[T>C]G	0.0103741971738292	0.00789874281972492	0.0115748229439431	0.00107930366761536	0.00226665622283919	0.0015253161399589	0.00743132943582102	0.00586756077116513	0.00663129973474801
G[T>C]T	0.00611600879615695	0.0158459327935854	0.0201511428293267	0.00242588360317585	0.00346017687386553	0.00221293693871093	0.0018630423492401	0.00737636211232188	0.011604774535809
T[T>C]A	0.0105140638062418	0.0106156758371699	0.013826128051713	0.00262309393007419	0.00868022177713878	0.00139091550471674	0.0166810290204279	0.0068734283319363	0.014920424403183
T[T>C]C	0.0130936795810764	0.00846879696755748	0.00964501368883665	0.00117209241893058	0.0066640982372853	0.00356844731226884	0.016885455846924	0.00720871751886002	0.0135941644562334
T[T>C]G	0.0101401858606897	0.00753528222323214	0.00998321657527402	0.000315398972417264	0.00549120143151111	0.00132464606487653	0.0103180647354514	0.00620284995808885	0.00762599469496021
T[T>C]T	0.00703526407663872	0.0166500109614747	0.0205840124187987	0.00155942196204371	0.00967030542782549	0.005371217428431	0.00908941259357965	0.0110645431684828	0.0175729442970822
A[T>G]A	0.0062108375802815	8.06511756050627e-05	0.00287037578428948	0.00349125364555882	0.00501540852601535	0.0236652162554076	0.00432000670721407	0.00251466890192791	0.0023209549071618
A[T>G]C	0.00363691366431819	0.00120991839203933	0.00244550322665275	0.000816058482055769	0.00195027640675897	0.00154362743192465	0.00825188787915515	0.00100586756077117	0.0026525198938992
A[T>G]G	0.0136915763763535	0.00152958269303211	0.00416848317855663	0.00159209874165995	0.00652915947420958	0.0042077902785673	0.0095520674910369	0.00184409052808047	0.0023209549071618
A[T>G]T	0.00617499975933664	0.000713296953345952	0.00223222315820583	0.00245277992119119	0.00522781798171377	0.00415250277097274	0.00684380088814436	0.00217937971500419	0.00464190981432361
C[T>G]A	0.0168821922881407	0.000440762436052411	0.00191918232285864	0.00151464234417729	0.00154573152423438	0.00779615957474825	0.0117464281352127	0.00167644593461861	0.0026525198938992
C[T>G]C	0.0108650899584441	0.00209696500651418	0.00377496274421103	0.00141273533250995	0.00157765067026655	0.00251039994144241	0.00187759621871516	0.00167644593461861	0.001657824933687
C[T>G]G	0.00789001850367851	0.00194140021209397	0.00413222856089855	0.00231801438966334	0.00320980588787024	0.00288552439419808	0.00771701974521997	0.00201173512154233	0.00364721485411141
C[T>G]T	0.00787432975553302	0.00120888503595274	0.00348568548561497	0.00268242826407031	0.00220533092136545	0.00237622828308929	0.00215463931229913	0.00251466890192791	0.0019893899204244
G[T>G]A	0.00356574342468208	0.00083086508991629	0.00147485296203776	0.000912249707517148	0.00178570013271108	0.00235433611511853	0.00200260921927752	0.000670578373847443	0.001657824933687
G[T>G]C	0.00769469787082932	0.000978447868869436	0.00121648465002349	0.000336048753737074	0.00036564108060145	0.000587423754525784	0.00549853527499222	0.000838222967309304	0.0013262599469496
G[T>G]G	0.0126238947701515	0.00186155198170483	0.00374756013119081	0.000788571535447184	0.00361182718312065	0.00207007424339528	0.00242420193323165	0.00150880134115675	0.00364721485411141
G[T>G]T	0.00478872108903699	0.000652535322456375	0.00171655488996023	0.00182543467968354	0.00229038289297887	0.00122064160660995	0.00177023793217594	0.00284995808885163	0.0013262599469496
T[T>G]A	0.00602820343099703	2.95668857012557e-05	0.00249715258171735	0.0112724336923244	0.000903524376262095	0.0905802978648008	0.0090554692588766	0.00251466890192791	0.00762599469496021
T[T>G]C	0.0121744662579571	0.00159901953852198	0.00319216429797961	0.00208245884061613	0.00233663598239771	0.00151931722778396	0.0169965219670684	0.00167644593461861	0.00464190981432361
T[T>G]G	0.00691496036494668	0.00177771273988498	0.00402188897316843	0.00238402993158887	0.00383392364997988	0.00371163194079709	0.011657232706713	0.00335289186923722	0.00928381962864721
T[T>G]T	0.0144054694946174	0.000695430711855934	0.00396560035811934	0.00727155633249441	0.00747123289890185	0.0259757277220603	0.0141555627898426	0.00620284995808885	0.00497347480106101
